{
    "bitcoin": {
        "price_usd": 67065,
        "change_24h": 1.0958649685263933
    },
    "ethereum": {
        "price_usd": 1961.94,
        "change_24h": 0.7489655645710352
    },
    "solana": {
        "price_usd": 84.23,
        "change_24h": 0.3693213719680807
    },
    "bnb": {
        "price_usd": 626.65,
        "change_24h": 0.6793831365228066
    }
}