{
    "bitcoin": {
        "price_usd": 70196,
        "change_24h": -3.5269324586856476
    },
    "ethereum": {
        "price_usd": 2050.59,
        "change_24h": -3.774518759382068
    },
    "solana": {
        "price_usd": 87.22,
        "change_24h": -4.863892157259572
    },
    "bnb": {
        "price_usd": 637.39,
        "change_24h": -3.1276818786597596
    }
}